{
  "Delete Users Request" : {
    "transaction" : "Delete Users Request",
    "sampleCount" : 30,
    "errorCount" : 0,
    "errorPct" : 0.0,
    "meanResTime" : 152.66666666666669,
    "medianResTime" : 149.5,
    "minResTime" : 101.0,
    "maxResTime" : 206.0,
    "pct1ResTime" : 204.0,
    "pct2ResTime" : 205.45,
    "pct3ResTime" : 206.0,
    "throughput" : 0.26763491029769926,
    "receivedKBytesPerSec" : 0.05514742780548294,
    "sentKBytesPerSec" : 0.05415425138055008
  },
  "Get User By Id " : {
    "transaction" : "Get User By Id ",
    "sampleCount" : 30,
    "errorCount" : 0,
    "errorPct" : 0.0,
    "meanResTime" : 171.43333333333337,
    "medianResTime" : 198.5,
    "minResTime" : 100.0,
    "maxResTime" : 437.0,
    "pct1ResTime" : 208.9,
    "pct2ResTime" : 312.14999999999986,
    "pct3ResTime" : 437.0,
    "throughput" : 0.2673725301462528,
    "receivedKBytesPerSec" : 0.08109951939787706,
    "sentKBytesPerSec" : 0.048356828694419936
  },
  "Total" : {
    "transaction" : "Total",
    "sampleCount" : 90,
    "errorCount" : 0,
    "errorPct" : 0.0,
    "meanResTime" : 2566.0,
    "medianResTime" : 203.5,
    "minResTime" : 100.0,
    "maxResTime" : 64753.0,
    "pct1ResTime" : 943.7000000000016,
    "pct2ResTime" : 16005.15,
    "pct3ResTime" : 64753.0,
    "throughput" : 0.7945055527110295,
    "receivedKBytesPerSec" : 0.33766485990218753,
    "sentKBytesPerSec" : 0.14881461426755416
  },
  "Get Users Request" : {
    "transaction" : "Get Users Request",
    "sampleCount" : 30,
    "errorCount" : 0,
    "errorPct" : 0.0,
    "meanResTime" : 7373.9,
    "medianResTime" : 553.5,
    "minResTime" : 420.0,
    "maxResTime" : 64753.0,
    "pct1ResTime" : 30478.300000000032,
    "pct2ResTime" : 46800.99999999998,
    "pct3ResTime" : 64753.0,
    "throughput" : 0.2661013491338401,
    "receivedKBytesPerSec" : 0.20373384543059633,
    "sentKBytesPerSec" : 0.047555221573723376
  }
}