{
  "Delete Users Request" : {
    "transaction" : "Delete Users Request",
    "sampleCount" : 30,
    "errorCount" : 0,
    "errorPct" : 0.0,
    "meanResTime" : 102.00000000000001,
    "medianResTime" : 102.0,
    "minResTime" : 99.0,
    "maxResTime" : 113.0,
    "pct1ResTime" : 103.9,
    "pct2ResTime" : 108.05,
    "pct3ResTime" : 113.0,
    "throughput" : 3.3068783068783065,
    "receivedKBytesPerSec" : 0.6813977761243387,
    "sentKBytesPerSec" : 0.6691261574074074
  },
  "Get User By Id " : {
    "transaction" : "Get User By Id ",
    "sampleCount" : 30,
    "errorCount" : 0,
    "errorPct" : 0.0,
    "meanResTime" : 102.5,
    "medianResTime" : 101.5,
    "minResTime" : 100.0,
    "maxResTime" : 124.0,
    "pct1ResTime" : 103.0,
    "pct2ResTime" : 115.19999999999999,
    "pct3ResTime" : 124.0,
    "throughput" : 3.305056736807315,
    "receivedKBytesPerSec" : 1.0024908422386252,
    "sentKBytesPerSec" : 0.5977504957585105
  },
  "Total" : {
    "transaction" : "Total",
    "sampleCount" : 90,
    "errorCount" : 0,
    "errorPct" : 0.0,
    "meanResTime" : 143.56666666666663,
    "medianResTime" : 101.0,
    "minResTime" : 99.0,
    "maxResTime" : 3852.0,
    "pct1ResTime" : 103.0,
    "pct2ResTime" : 106.35000000000001,
    "pct3ResTime" : 3852.0,
    "throughput" : 6.903958269407794,
    "receivedKBytesPerSec" : 2.9341822644983124,
    "sentKBytesPerSec" : 1.2931437461644677
  },
  "Get Users Request" : {
    "transaction" : "Get Users Request",
    "sampleCount" : 30,
    "errorCount" : 0,
    "errorPct" : 0.0,
    "meanResTime" : 226.20000000000005,
    "medianResTime" : 101.0,
    "minResTime" : 100.0,
    "maxResTime" : 3852.0,
    "pct1ResTime" : 102.9,
    "pct2ResTime" : 1791.1499999999974,
    "pct3ResTime" : 3852.0,
    "throughput" : 2.3382696804364773,
    "receivedKBytesPerSec" : 1.7902377240841778,
    "sentKBytesPerSec" : 0.4178743667186282
  }
}